accountsservice	23.13.9-2ubuntu6.1
accountsservice-ubuntu-schemas	0.0.7+21.10.20210712-0ubuntu3
acl	2.3.2-1build1.1
activity-log-manager	0.9.7-0ubuntu31
adduser	3.137ubuntu1
adwaita-icon-theme	46.0-1
alsa-topology-conf	1.2.5.1-2
alsa-ucm-conf	1.2.10-1ubuntu5.14
amd64-microcode	3.20251202.1ubuntu0.24.04.1
apg	2.2.3.dfsg.1-5build3
apparmor	4.0.1really4.0.1-0ubuntu0.24.04.7
apport	2.28.3-0ubuntu0.1
apport-core-dump-handler	2.28.3-0ubuntu0.1
apport-symptoms	0.25
appstream	1.0.2-1build6
apt	2.8.3
apt-utils	2.8.3
aspell	0.60.8.1-1build1
aspell-en	2020.12.07-0-1
at-spi2-common	2.52.0-1build1
at-spi2-core	2.52.0-1build1
avahi-daemon	0.8-13ubuntu6.2
avahi-utils	0.8-13ubuntu6.2
azure-vm-utils	0.6.0-4~ubuntu0.24.04.1
bamfdaemon	0.5.6+22.04.20220217-0ubuntu5
base-files	13ubuntu10.5
base-passwd	3.6.3build1
bash	5.2.21-2ubuntu4
bash-completion	1:2.11-8
bc	1.07.1-3ubuntu4
bcache-tools	1.0.8-5build1
bind9-dnsutils	1:9.18.39-0ubuntu0.24.04.7
bind9-host	1:9.18.39-0ubuntu0.24.04.7
bind9-libs:amd64	1:9.18.39-0ubuntu0.24.04.7
bluez	5.72-0ubuntu5.5
bluez-obexd	5.72-0ubuntu5.5
bolt	0.9.7-1
bpfcc-tools	0.29.1+ds-1ubuntu7
bpftrace	0.20.2-1ubuntu4.3
bsdextrautils	2.39.3-9ubuntu6.6
bsdutils	1:2.39.3-9ubuntu6.6
btrfs-progs	6.6.3-1.1build2
bubblewrap	0.9.0-1ubuntu0.1
busybox-initramfs	1:1.36.1-6ubuntu3.1
busybox-static	1:1.36.1-6ubuntu3.1
byobu	6.11-0ubuntu1.1
ca-certificates	20260601~24.04.1
ca-certificates-java	20240118
cheese-common	44.1-1build4
chrony	4.5-1ubuntu4.2
cifs-utils	2:7.0-2ubuntu0.5
cloud-guest-utils	0.33-1
cloud-init	26.1-0ubuntu1~24.04.1
cloud-initramfs-copymods	0.49~24.04.1
cloud-initramfs-dyn-netconf	0.49~24.04.1
colord	1.4.7-1build2
colord-data	1.4.7-1build2
command-not-found	23.04.0
console-setup	1.226ubuntu1.1
console-setup-linux	1.226ubuntu1.1
coreutils	9.4-3ubuntu6.3
cpio	2.15+dfsg-1ubuntu2.1
cpp	4:13.2.0-7ubuntu1
cpp-13	13.3.0-6ubuntu2~24.04.1
cpp-13-x86-64-linux-gnu	13.3.0-6ubuntu2~24.04.1
cpp-x86-64-linux-gnu	4:13.2.0-7ubuntu1
cracklib-runtime	2.9.6-5.1build2
cron	3.0pl1-184ubuntu2
cron-daemon-common	3.0pl1-184ubuntu2
cryptsetup	2:2.7.0-1ubuntu4.2
cryptsetup-bin	2:2.7.0-1ubuntu4.2
cryptsetup-initramfs	2:2.7.0-1ubuntu4.2
cups	2.4.7-1.2ubuntu7.14
cups-browsed	2.0.0-0ubuntu10.3
cups-client	2.4.7-1.2ubuntu7.14
cups-common	2.4.7-1.2ubuntu7.14
cups-core-drivers	2.4.7-1.2ubuntu7.14
cups-daemon	2.4.7-1.2ubuntu7.14
cups-filters	2.0.0-0ubuntu4.1
cups-filters-core-drivers	2.0.0-0ubuntu4.1
cups-ipp-utils	2.4.7-1.2ubuntu7.14
cups-pk-helper	0.2.6-1ubuntu8
cups-ppdc	2.4.7-1.2ubuntu7.14
cups-server-common	2.4.7-1.2ubuntu7.14
curl	8.5.0-2ubuntu10.13
dash	0.5.12-6ubuntu5
dbus	1.14.10-4ubuntu4.1
dbus-bin	1.14.10-4ubuntu4.1
dbus-daemon	1.14.10-4ubuntu4.1
dbus-session-bus-common	1.14.10-4ubuntu4.1
dbus-system-bus-common	1.14.10-4ubuntu4.1
dbus-user-session	1.14.10-4ubuntu4.1
dbus-x11	1.14.10-4ubuntu4.1
dconf-cli	0.40.0-4ubuntu0.1
dconf-gsettings-backend:amd64	0.40.0-4ubuntu0.1
dconf-service	0.40.0-4ubuntu0.1
debconf	1.5.86ubuntu1
debconf-i18n	1.5.86ubuntu1
debianutils	5.17build1
desktop-base	12.0.6+nmu1ubuntu1
desktop-file-utils	0.27-2build1
dhcpcd-base	1:10.0.6-1ubuntu3.2
dictionaries-common	1.29.7
diffutils	1:3.10-1ubuntu0.1
dirmngr	2.4.4-2ubuntu17.6
distro-info	1.7build1
distro-info-data	0.72-0ubuntu0.24.04.1
dmeventd	2:1.02.185-3ubuntu3.2
dmidecode	3.5-3ubuntu0.1
dmsetup	2:1.02.185-3ubuntu3.2
dns-root-data	2024071801~ubuntu0.24.04.1
dnsmasq-base	2.91-0ubuntu0.24.04.1
docbook-xml	4.5-12
dosfstools	4.2-1.1build1
dpkg	1.22.6ubuntu6.6
dracut-install	060+5-1ubuntu3.3
e2fsprogs	1.47.0-2.4~exp1ubuntu4.1
e2fsprogs-l10n	1.47.0-2.4~exp1ubuntu4.1
eatmydata	131-1ubuntu1
ed	1.20.1-1
efibootmgr	18-1build2
eject	2.39.3-9ubuntu6.6
elementary-xfce-icon-theme	0.19-1
emacsen-common	3.0.5
enchant-2	2.3.3-2build2
ethtool	1:6.7-1build1
evolution-data-server	3.52.3-0ubuntu1.2
evolution-data-server-common	3.52.3-0ubuntu1.2
exo-utils	4.18.0-1build4
fdisk	2.39.3-9ubuntu6.6
file	1:5.45-3build1
finalrd	9build1
findutils	4.9.0-5build1
firmware-sof-signed	2023.12.1-1ubuntu1.11
fontconfig	2.15.0-1.1ubuntu2
fontconfig-config	2.15.0-1.1ubuntu2
fonts-dejavu-core	2.37-8
fonts-dejavu-extra	2.37-8
fonts-dejavu-mono	2.37-8
fonts-droid-fallback	1:6.0.1r16-1.1build1
fonts-noto-mono	20201225-2
fonts-quicksand	0.2016-2.1
fonts-ubuntu	0.869+git20240321-0ubuntu1
fonts-ubuntu-console	0.869+git20240321-0ubuntu1
fonts-urw-base35	20200910-8
friendly-recovery	0.2.42
ftp	20230507-2build3
fuse3	3.14.0-5build1
fwupd	2.0.20-1ubuntu2~24.04.2
fwupd-signed	1.52+1.4-1
gawk	1:5.2.1-2ubuntu0.1
gcc-13-base:amd64	13.3.0-6ubuntu2~24.04.1
gcc-14-base:amd64	14.2.0-4ubuntu2~24.04.1
gcr	3.41.2-1build3
gcr4	4.2.0-5
gdisk	1.0.10-1build1
geocode-glib-common	3.26.3-6build3
gettext-base	0.21-14ubuntu2
ghostscript	10.02.1~dfsg1-0ubuntu7.8
gir1.2-atk-1.0:amd64	2.52.0-1build1
gir1.2-dbusmenu-glib-0.4:amd64	18.10.20180917~bzr492+repack1-3.1ubuntu5
gir1.2-freedesktop:amd64	1.80.1-1
gir1.2-gdkpixbuf-2.0:amd64	2.42.10+dfsg-3ubuntu3.3
gir1.2-girepository-2.0:amd64	1.80.1-1
gir1.2-glib-2.0:amd64	2.80.0-6ubuntu3.8
gir1.2-gtk-3.0:amd64	3.24.41-4ubuntu1.3
gir1.2-handy-1:amd64	1.8.3-1build2
gir1.2-harfbuzz-0.0:amd64	8.3.0-2build2
gir1.2-ibus-1.0:amd64	1.5.29-2
gir1.2-notify-0.7:amd64	0.8.3-1build2
gir1.2-packagekitglib-1.0	1.2.8-2ubuntu1.5
gir1.2-pango-1.0:amd64	1.52.1+ds-1build1
gir1.2-polkit-1.0	124-2ubuntu1.24.04.4
gir1.2-secret-1:amd64	0.21.4-1build3
git	1:2.43.0-1ubuntu7.3
git-man	1:2.43.0-1ubuntu7.3
gkbd-capplet	3.28.1-1build3
glib-networking:amd64	2.80.0-1build1
glib-networking-common	2.80.0-1build1
glib-networking-services	2.80.0-1build1
gnome-bluetooth	42~3.34.5-13build3
gnome-bluetooth-3-common	46.0-1ubuntu1
gnome-bluetooth-sendto	46.0-1ubuntu1
gnome-control-center-faces	1:46.7-0ubuntu0.24.04.6
gnome-desktop3-data	44.0-5build2
gnome-keyring	46.1-2ubuntu0.2
gnome-keyring-pkcs11:amd64	46.1-2ubuntu0.2
gnome-menus	3.36.0-1.1ubuntu3
gnome-power-manager	43.0-2build2
gnome-screensaver	3.6.1-13ubuntu4
gnome-session-bin	46.0-1ubuntu4
gnome-session-common	46.0-1ubuntu4
gnome-settings-daemon-common	46.0-1ubuntu1.24.04.1
gnome-startup-applications	46.0-1ubuntu4
gnupg	2.4.4-2ubuntu17.6
gnupg-l10n	2.4.4-2ubuntu17.6
gnupg-utils	2.4.4-2ubuntu17.6
gpg	2.4.4-2ubuntu17.6
gpg-agent	2.4.4-2ubuntu17.6
gpg-wks-client	2.4.4-2ubuntu17.6
gpgconf	2.4.4-2ubuntu17.6
gpgsm	2.4.4-2ubuntu17.6
gpgv	2.4.4-2ubuntu17.6
grep	3.11-4build1
greybird-gtk-theme	3.23.3-1
groff-base	1.23.0-3build2
grub-common	2.12-1ubuntu7.3
grub-efi-amd64-bin	2.12-1ubuntu7.3
grub-efi-amd64-signed	1.202.5+2.12-1ubuntu7.3
grub-gfxpayload-lists	0.7build2
grub-pc	2.12-1ubuntu7.3
grub-pc-bin	2.12-1ubuntu7.3
grub2-common	2.12-1ubuntu7.3
gsettings-desktop-schemas	46.1-0ubuntu1
gsettings-ubuntu-schemas	0.0.7+21.10.20210712-0ubuntu3
gstreamer1.0-clutter-3.0:amd64	3.0.27-4build1
gstreamer1.0-gl:amd64	1.24.2-1ubuntu0.4
gstreamer1.0-plugins-base:amd64	1.24.2-1ubuntu0.4
gstreamer1.0-plugins-good:amd64	1.24.2-1ubuntu1.5
gstreamer1.0-x:amd64	1.24.2-1ubuntu0.4
gtk-update-icon-cache	3.24.41-4ubuntu1.3
gtk2-engines-murrine:amd64	0.98.2-4
gvfs:amd64	1.54.4-0ubuntu1~24.04.2
gvfs-backends	1.54.4-0ubuntu1~24.04.2
gvfs-common	1.54.4-0ubuntu1~24.04.2
gvfs-daemons	1.54.4-0ubuntu1~24.04.2
gvfs-libs:amd64	1.54.4-0ubuntu1~24.04.2
gzip	1.12-1ubuntu3.2
hdparm	9.65+ds-1build1
hicolor-icon-theme	0.17-2
hostname	3.23+nmu2ubuntu2
htop	3.3.0-4build1
humanity-icon-theme	0.6.16
hunspell-en-us	1:2020.12.07-2
hwdata	0.379-1
i965-va-driver:amd64	2.4.1+dfsg1-1ubuntu0.2
ibus	1.5.29-2
ibus-data	1.5.29-2
ibus-gtk:amd64	1.5.29-2
ibus-gtk3:amd64	1.5.29-2
ibus-gtk4:amd64	1.5.29-2
ibverbs-providers:amd64	50.0-2ubuntu0.2
ieee-data	20220827.1
im-config	0.57-2
imagemagick	8:6.9.12.98+dfsg1-5.2build2
imagemagick-6-common	8:6.9.12.98+dfsg1-5.2build2
imagemagick-6.q16	8:6.9.12.98+dfsg1-5.2build2
indicator-applet	12.10.2+20.10.20200915-0ubuntu4
indicator-application	12.10.1+19.04.20190308.1-0ubuntu5
indicator-appmenu	15.02.0+20.10.20200617.2-0ubuntu4
indicator-bluetooth	0.0.6+17.10.20170605-0ubuntu5
indicator-common	16.10.0+18.04.20180321.1-0ubuntu8
indicator-datetime	15.10+21.04.20210304-0ubuntu6
indicator-keyboard	0.0.0+19.10.20220803-0ubuntu3.1
indicator-messages	13.10.1+18.10.20180918-0ubuntu7
indicator-power	12.10.6+17.10.20170829.1-0ubuntu9
indicator-printers	0.1.7+17.10.20171101-0ubuntu7
indicator-session	17.3.20+21.10.20210613.1-0ubuntu3
indicator-sound	12.10.2+18.10.20180612-0ubuntu7
inetutils-telnet	2:2.5-3ubuntu4.2
info	7.1-3build2
init	1.66ubuntu1
init-system-helpers	1.66ubuntu1
initramfs-tools	0.142ubuntu25.8
initramfs-tools-bin	0.142ubuntu25.8
initramfs-tools-core	0.142ubuntu25.8
install-info	7.1-3build2
intel-media-va-driver:amd64	24.1.0+dfsg1-1ubuntu0.2
intel-microcode	3.20260210.0ubuntu0.24.04.1
ipp-usb	0.9.24-0ubuntu3.3
iproute2	6.1.0-1ubuntu6.4
iptables	1.8.10-3ubuntu2
iputils-ping	3:20240117-1ubuntu0.1
iputils-tracepath	3:20240117-1ubuntu0.1
iso-codes	4.16.0-1
iucode-tool	2.3.1-3build1
java-common	0.75+exp1
jayatana	2.7-0ubuntu8
jq	1.7.1-3ubuntu0.24.04.2
kbd	2.6.4-2ubuntu2
keyboard-configuration	1.226ubuntu1.1
keyboxd	2.4.4-2ubuntu17.6
keyutils	1.6.3-3build1
klibc-utils	2.0.13-4ubuntu0.2
kmod	31+20240202-2ubuntu7.2
kpartx	0.9.4-5ubuntu8.2
krb5-locales	1.20.1-6ubuntu2.8
landscape-common	24.02-0ubuntu5.7
less	590-2ubuntu2.1
libaa1:amd64	1.4p5-51.1
libaacs0:amd64	0.11.1-2build1
libabsl20220623t64:amd64	20220623.1-3.1ubuntu3.2
libaccounts-glib0:amd64	1.26-1build3
libaccountsservice0:amd64	23.13.9-2ubuntu6.1
libacl1:amd64	2.3.2-1build1.1
libadwaita-1-0:amd64	1.5.0-1ubuntu2
libafflib0t64:amd64	3.7.20-1.1ubuntu5
libaio1t64:amd64	0.3.113-6build1.1
libaom3:amd64	3.8.2-2ubuntu0.1
libapparmor1:amd64	4.0.1really4.0.1-0ubuntu0.24.04.7
libappstream5:amd64	1.0.2-1build6
libapt-pkg6.0t64:amd64	2.8.3
libarchive13t64:amd64	3.7.2-2ubuntu0.8
libargon2-1:amd64	0~20190702+dfsg-4build1
libasound2-data	1.2.11-1ubuntu0.3
libasound2-plugins:amd64	1.2.7.1-1ubuntu5
libasound2t64:amd64	1.2.11-1ubuntu0.3
libaspell15:amd64	0.60.8.1-1build1
libassuan0:amd64	2.5.6-1build1
libasyncns0:amd64	0.8-6build4
libatasmart4:amd64	0.19-5build3
libatk-bridge2.0-0t64:amd64	2.52.0-1build1
libatk-wrapper-java	0.40.0-3build2
libatk-wrapper-java-jni:amd64	0.40.0-3build2
libatk1.0-0t64:amd64	2.52.0-1build1
libatkmm-1.6-1v5:amd64	2.28.4-1build4
libatm1t64:amd64	1:2.5.1-5.1build1
libatomic1:amd64	14.2.0-4ubuntu2~24.04.1
libatspi2.0-0t64:amd64	2.52.0-1build1
libattr1:amd64	1:2.5.2-1ubuntu0.1
libaudit-common	1:3.1.2-2.1build1.1
libaudit1:amd64	1:3.1.2-2.1build1.1
libavahi-client3:amd64	0.8-13ubuntu6.2
libavahi-common-data:amd64	0.8-13ubuntu6.2
libavahi-common3:amd64	0.8-13ubuntu6.2
libavahi-core7:amd64	0.8-13ubuntu6.2
libavahi-glib1:amd64	0.8-13ubuntu6.2
libavc1394-0:amd64	0.5.4-5build3
libavcodec60:amd64	7:6.1.1-3ubuntu5
libavformat60:amd64	7:6.1.1-3ubuntu5
libavutil58:amd64	7:6.1.1-3ubuntu5
libayatana-appindicator3-1	0.5.93-1build3
libayatana-ido3-0.4-0:amd64	0.10.1-1build2
libayatana-indicator3-7:amd64	0.9.4-1build1
libb2-1:amd64	0.98.1-1.1build1
libbamf3-2t64:amd64	0.5.6+22.04.20220217-0ubuntu5
libbcg729-0:amd64	1.1.1-2build1
libbdplus0:amd64	0.2.0-3build1
libbfio1:amd64	20170123-6
libblkid1:amd64	2.39.3-9ubuntu6.6
libblockdev-crypto3:amd64	3.1.1-1ubuntu0.1
libblockdev-fs3:amd64	3.1.1-1ubuntu0.1
libblockdev-loop3:amd64	3.1.1-1ubuntu0.1
libblockdev-mdraid3:amd64	3.1.1-1ubuntu0.1
libblockdev-nvme3:amd64	3.1.1-1ubuntu0.1
libblockdev-part3:amd64	3.1.1-1ubuntu0.1
libblockdev-swap3:amd64	3.1.1-1ubuntu0.1
libblockdev-utils3:amd64	3.1.1-1ubuntu0.1
libblockdev3:amd64	3.1.1-1ubuntu0.1
libbluetooth3:amd64	5.72-0ubuntu5.5
libbluray2:amd64	1:1.3.4-1build1
libbpf1:amd64	1:1.3.0-2build2
libbpfcc:amd64	0.29.1+ds-1ubuntu7
libbrotli1:amd64	1.1.0-2build2
libbsd0:amd64	0.12.1-1build1.1
libbytesize-common	2.10-1ubuntu2
libbytesize1:amd64	2.10-1ubuntu2
libbz2-1.0:amd64	1.0.8-5.1ubuntu0.1
libc-bin	2.39-0ubuntu8.9
libc6:amd64	2.39-0ubuntu8.9
libcaca0:amd64	0.99.beta20-4ubuntu0.2
libcairo-gobject2:amd64	1.18.0-3build1
libcairo-script-interpreter2:amd64	1.18.0-3build1
libcairo2:amd64	1.18.0-3build1
libcairomm-1.0-1v5:amd64	1.14.5-1build1
libcamel-1.2-64t64:amd64	3.52.3-0ubuntu1.2
libcanberra-gtk3-0t64:amd64	0.30-10ubuntu10
libcanberra-gtk3-module:amd64	0.30-10ubuntu10
libcanberra-pulse:amd64	0.30-10ubuntu10
libcanberra0t64:amd64	0.30-10ubuntu10
libcap-ng0:amd64	0.8.4-2build2
libcap2:amd64	1:2.66-5ubuntu2.4
libcap2-bin	1:2.66-5ubuntu2.4
libcares2:amd64	1.27.0-1.0ubuntu1
libcbor0.10:amd64	0.10.2-1.2ubuntu2
libcdio-cdda2t64:amd64	10.2+2.0.1-1.1build2
libcdio-paranoia2t64:amd64	10.2+2.0.1-1.1build2
libcdio19t64:amd64	2.1.0-4.1ubuntu1.2
libcdparanoia0:amd64	3.10.2+debian-14build3
libcheese-gtk25:amd64	44.1-1build4
libcheese8:amd64	44.1-1build4
libchromaprint1:amd64	1.5.1-5
libcjson1:amd64	1.7.17-1
libclang-cpp18	1:18.1.3-1ubuntu1
libclang1-18	1:18.1.3-1ubuntu1
libclutter-1.0-0:amd64	1.26.4+git2779b932+dfsg-7build3
libclutter-1.0-common	1.26.4+git2779b932+dfsg-7build3
libclutter-gst-3.0-0:amd64	3.0.27-4build1
libclutter-gtk-1.0-0:amd64	1.8.4-4build5
libcodec2-1.2:amd64	1.2.0-2build1
libcogl-common	1.22.8-4ubuntu4
libcogl-pango20:amd64	1.22.8-4ubuntu4
libcogl-path20:amd64	1.22.8-4ubuntu4
libcogl20:amd64	1.22.8-4ubuntu4
libcolord2:amd64	1.4.7-1build2
libcolorhug2:amd64	1.4.7-1build2
libcom-err2:amd64	1.47.0-2.4~exp1ubuntu4.1
libcrack2:amd64	2.9.6-5.1build2
libcrypt1:amd64	1:4.4.36-4build1
libcryptsetup12:amd64	2:2.7.0-1ubuntu4.2
libcups2t64:amd64	2.4.7-1.2ubuntu7.14
libcupsfilters2-common	2.0.0-0ubuntu7.2
libcupsfilters2t64:amd64	2.0.0-0ubuntu7.2
libcurl3t64-gnutls:amd64	8.5.0-2ubuntu10.13
libcurl4t64:amd64	8.5.0-2ubuntu10.13
libdaemon0:amd64	0.14-7.1ubuntu4
libdatrie1:amd64	0.2.13-3build1
libdav1d7:amd64	1.4.1-1build1
libdb5.3t64:amd64	5.3.28+dfsg2-7
libdbus-1-3:amd64	1.14.10-4ubuntu4.1
libdbus-glib-1-2:amd64	0.112-3build2
libdbusmenu-glib4:amd64	18.10.20180917~bzr492+repack1-3.1ubuntu5
libdbusmenu-gtk3-4:amd64	18.10.20180917~bzr492+repack1-3.1ubuntu5
libdconf1:amd64	0.40.0-4ubuntu0.1
libdebconfclient0:amd64	0.271ubuntu3
libdee-1.0-4:amd64	1.2.7+17.10.20170616-7build5
libdeflate0:amd64	1.19-1build1.1
libdevmapper-event1.02.1:amd64	2:1.02.185-3ubuntu3.2
libdevmapper1.02.1:amd64	2:1.02.185-3ubuntu3.2
libdjvulibre-text	3.5.28-2ubuntu0.24.04.2
libdjvulibre21:amd64	3.5.28-2ubuntu0.24.04.2
libdouble-conversion3:amd64	3.3.0-1build1
libdrm-amdgpu1:amd64	2.4.125-1ubuntu0.1~24.04.2
libdrm-common	2.4.125-1ubuntu0.1~24.04.2
libdrm-intel1:amd64	2.4.125-1ubuntu0.1~24.04.2
libdrm-nouveau2:amd64	2.4.125-1ubuntu0.1~24.04.2
libdrm-radeon1:amd64	2.4.125-1ubuntu0.1~24.04.2
libdrm2:amd64	2.4.125-1ubuntu0.1~24.04.2
libduktape207:amd64	2.7.0+tests-0ubuntu3
libdv4t64:amd64	1.0.0-17.1build1
libdw1t64:amd64	0.190-1.1ubuntu0.1
libeatmydata1:amd64	131-1ubuntu1
libebackend-1.2-11t64:amd64	3.52.3-0ubuntu1.2
libebook-1.2-21t64:amd64	3.52.3-0ubuntu1.2
libebook-contacts-1.2-4t64:amd64	3.52.3-0ubuntu1.2
libecal-2.0-3:amd64	3.52.3-0ubuntu1.2
libedata-book-1.2-27t64:amd64	3.52.3-0ubuntu1.2
libedata-cal-2.0-2t64:amd64	3.52.3-0ubuntu1.2
libedataserver-1.2-27t64:amd64	3.52.3-0ubuntu1.2
libedataserverui-1.2-4t64:amd64	3.52.3-0ubuntu1.2
libedit2:amd64	3.1-20230828-1build1
libefiboot1t64:amd64	38-3.1build1
libefivar1t64:amd64	38-3.1build1
libegl-mesa0:amd64	25.2.8-0ubuntu0.24.04.2
libegl1:amd64	1.7.0-1build1
libelf1t64:amd64	0.190-1.1ubuntu0.1
libenchant-2-2:amd64	2.3.3-2build2
libepoxy0:amd64	1.5.10-1build1
liberror-perl	0.17029-2
libestr0:amd64	0.1.11-1build1
libevdev2:amd64	1.13.1+dfsg-1build1
libevent-core-2.1-7t64:amd64	2.1.12-stable-9ubuntu2.1
libewf2:amd64	20140814-1build3
libexif12:amd64	0.6.24-1ubuntu0.24.04.1
libexo-2-0:amd64	4.18.0-1build4
libexo-common	4.18.0-1build4
libexpat1:amd64	2.6.1-2ubuntu0.4
libext2fs2t64:amd64	1.47.0-2.4~exp1ubuntu4.1
libfastjson4:amd64	1.2304.0-1build1
libfcitx-config4:amd64	1:4.2.9.9-2build2
libfcitx-gclient1:amd64	1:4.2.9.9-2build2
libfcitx-utils0:amd64	1:4.2.9.9-2build2
libfdisk1:amd64	2.39.3-9ubuntu6.6
libffi8:amd64	3.4.6-1build1
libfftw3-double3:amd64	3.3.10-1ubuntu3
libfftw3-single3:amd64	3.3.10-1ubuntu3
libfido2-1:amd64	1.14.0-1build3
libfile-readbackwards-perl	1.06-2
libflac12t64:amd64	1.4.3+ds-2.1ubuntu2
libflashrom1:amd64	1.3.0-2.1ubuntu2
libfontconfig1:amd64	2.15.0-1.1ubuntu2
libfontenc1:amd64	1:1.1.8-1build1
libfreetype6:amd64	2.13.2+dfsg-1ubuntu0.1
libfribidi0:amd64	1.0.13-3build1
libftdi1-2:amd64	1.5-6build5
libfuse2t64:amd64	2.9.9-8.1build1
libfuse3-3:amd64	3.14.0-5build1
libfwupd3:amd64	2.0.20-1ubuntu2~24.04.2
libgail-common:amd64	2.24.33-4ubuntu1.1
libgail18t64:amd64	2.24.33-4ubuntu1.1
libgarcon-1-0:amd64	4.18.1-1build3
libgarcon-common	4.18.1-1build3
libgarcon-gtk3-1-0:amd64	4.18.1-1build3
libgbm1:amd64	25.2.8-0ubuntu0.24.04.2
libgcc-s1:amd64	14.2.0-4ubuntu2~24.04.1
libgck-1-0:amd64	3.41.2-1build3
libgck-2-2:amd64	4.2.0-5
libgcr-4-4:amd64	4.2.0-5
libgcr-base-3-1:amd64	3.41.2-1build3
libgcr-ui-3-1:amd64	3.41.2-1build3
libgcrypt20:amd64	1.10.3-2ubuntu0.2
libgd3:amd64	2.3.3-9ubuntu5
libgdata-common	0.18.1-6build2
libgdata22:amd64	0.18.1-6build2
libgdbm-compat4t64:amd64	1.23-5.1build1
libgdbm6t64:amd64	1.23-5.1build1
libgdk-pixbuf-2.0-0:amd64	2.42.10+dfsg-3ubuntu3.3
libgdk-pixbuf2.0-bin	2.42.10+dfsg-3ubuntu3.3
libgdk-pixbuf2.0-common	2.42.10+dfsg-3ubuntu3.3
libgee-0.8-2:amd64	0.20.6-1build2
libgeocode-glib-2-0:amd64	3.26.3-6build3
libgeonames-common	0.3.1-1build2
libgeonames0:amd64	0.3.1-1build2
libgif7:amd64	5.2.2-1ubuntu1.2
libgirepository-1.0-1:amd64	1.80.1-1
libgl1:amd64	1.7.0-1build1
libgl1-mesa-dri:amd64	25.2.8-0ubuntu0.24.04.2
libgles2:amd64	1.7.0-1build1
libglib2.0-0t64:amd64	2.80.0-6ubuntu3.8
libglib2.0-bin	2.80.0-6ubuntu3.8
libglib2.0-data	2.80.0-6ubuntu3.8
libglibmm-2.4-1t64:amd64	2.66.7-1build1
libglu1-mesa:amd64	9.0.2-1.1build1
libglvnd0:amd64	1.7.0-1build1
libglx-mesa0:amd64	25.2.8-0ubuntu0.24.04.2
libglx0:amd64	1.7.0-1build1
libgme0:amd64	0.6.3-7build1
libgmp10:amd64	2:6.3.0+dfsg-2ubuntu6.1
libgnome-bluetooth-3.0-13:amd64	46.0-1ubuntu1
libgnome-desktop-3-20t64:amd64	44.0-5build2
libgnome-menu-3-0:amd64	3.36.0-1.1ubuntu3
libgnome-panel3:amd64	1:3.52.0-1ubuntu2
libgnomekbd-common	3.28.1-1build3
libgnomekbd8:amd64	3.28.1-1build3
libgnutls30t64:amd64	3.8.3-1.1ubuntu3.6
libgoa-1.0-0b:amd64	3.50.4-0ubuntu2
libgoa-1.0-common	3.50.4-0ubuntu2
libgomp1:amd64	14.2.0-4ubuntu2~24.04.1
libgpg-error-l10n	1.47-3build2.1
libgpg-error0:amd64	1.47-3build2.1
libgpgme11t64:amd64	1.18.0-4.1ubuntu4
libgphoto2-6t64:amd64	2.5.31-2.1ubuntu1.1
libgphoto2-l10n	2.5.31-2.1ubuntu1.1
libgphoto2-port12t64:amd64	2.5.31-2.1ubuntu1.1
libgpm2:amd64	1.20.7-11
libgraphene-1.0-0:amd64	1.10.8-3build2
libgraphite2-3:amd64	1.3.14-2ubuntu0.24.04.1
libgs-common	10.02.1~dfsg1-0ubuntu7.8
libgs10:amd64	10.02.1~dfsg1-0ubuntu7.8
libgs10-common	10.02.1~dfsg1-0ubuntu7.8
libgsm1:amd64	1.0.22-1build1
libgssapi-krb5-2:amd64	1.20.1-6ubuntu2.8
libgstreamer-gl1.0-0:amd64	1.24.2-1ubuntu0.4
libgstreamer-plugins-base1.0-0:amd64	1.24.2-1ubuntu0.4
libgstreamer-plugins-good1.0-0:amd64	1.24.2-1ubuntu1.5
libgstreamer1.0-0:amd64	1.24.2-1ubuntu0.1
libgtk-3-0t64:amd64	3.24.41-4ubuntu1.3
libgtk-3-bin	3.24.41-4ubuntu1.3
libgtk-3-common	3.24.41-4ubuntu1.3
libgtk-4-1:amd64	4.14.5+ds-0ubuntu0.10
libgtk-4-bin	4.14.5+ds-0ubuntu0.10
libgtk-4-common	4.14.5+ds-0ubuntu0.10
libgtk-4-media-gstreamer	4.14.5+ds-0ubuntu0.10
libgtk2.0-0t64:amd64	2.24.33-4ubuntu1.1
libgtk2.0-bin	2.24.33-4ubuntu1.1
libgtk2.0-common	2.24.33-4ubuntu1.1
libgtkmm-3.0-1t64:amd64	3.24.9-1
libgtop-2.0-11:amd64	2.41.3-1ubuntu0.24.04.1
libgtop2-common	2.41.3-1ubuntu0.24.04.1
libgudev-1.0-0:amd64	1:238-5ubuntu1
libgusb2:amd64	0.4.8-1build2
libgweather-4-0t64:amd64	4.4.2-1build1
libgweather-4-common	4.4.2-1build1
libhandy-1-0:amd64	1.8.3-1build2
libharfbuzz-gobject0:amd64	8.3.0-2build2
libharfbuzz-icu0:amd64	8.3.0-2build2
libharfbuzz0b:amd64	8.3.0-2build2
libheif-plugin-aomdec:amd64	1.17.6-1ubuntu4.8
libheif-plugin-aomenc:amd64	1.17.6-1ubuntu4.8
libheif1:amd64	1.17.6-1ubuntu4.8
libhogweed6t64:amd64	3.9.1-2.2build1.1
libhunspell-1.7-0:amd64	1.7.2+really1.7.2-10build3
libhwy1t64:amd64	1.0.7-8.1build1
libhyphen0:amd64	2.8.8-7build3
libibus-1.0-5:amd64	1.5.29-2
libibverbs1:amd64	50.0-2ubuntu0.2
libical3t64:amd64	3.0.17-1.1build3
libice6:amd64	2:1.0.10-1build3
libicu74:amd64	74.2-1ubuntu3.1
libidn12:amd64	1.42-1ubuntu0.1
libidn2-0:amd64	2.3.7-2build1.1
libido3-0.1-0:amd64	13.10.0+22.10.20221007-0ubuntu3
libiec61883-0:amd64	1.2.0-6build1
libieee1284-3t64:amd64	0.2.11-14.1build1
libigdgmm12:amd64	22.3.17+ds1-1ubuntu1
libijs-0.35:amd64	0.35-15.1build1
libimath-3-1-29t64:amd64	3.1.9-3.1ubuntu2
libimobiledevice6:amd64	1.3.0-8.1build3
libindicator3-7	16.10.0+18.04.20180321.1-0ubuntu8
libinih1:amd64	55-1ubuntu2
libinput-bin	1.25.0-1ubuntu3.7
libinput10:amd64	1.25.0-1ubuntu3.7
libintl-perl	1.33-1build3
libintl-xs-perl	1.33-1build3
libip4tc2:amd64	1.8.10-3ubuntu2
libip6tc2:amd64	1.8.10-3ubuntu2
libisl23:amd64	0.26-3build1.1
libisns0t64:amd64	0.101-0.3build3
libjack-jackd2-0:amd64	1.9.21~dfsg-3ubuntu3
libjansson4:amd64	2.14-2build2
libjavascriptcoregtk-4.1-0:amd64	2.52.6-0ubuntu0.24.04.1
libjbig0:amd64	2.1-6.1ubuntu2
libjbig2dec0:amd64	0.20-1ubuntu0.24.04.1
libjcat1:amd64	0.2.3-1~ubuntu0.24.04.1
libjpeg-turbo8:amd64	2.1.5-2ubuntu2
libjpeg8:amd64	8c-2ubuntu11
libjq1:amd64	1.7.1-3ubuntu0.24.04.2
libjson-c5:amd64	0.17-1build1
libjson-glib-1.0-0:amd64	1.8.0-2build2
libjson-glib-1.0-common	1.8.0-2build2
libjxl0.7:amd64	0.7.0-10.2ubuntu6.1
libjxr-tools	1.2~git20170615.f752187-5.1ubuntu2
libjxr0t64:amd64	1.2~git20170615.f752187-5.1ubuntu2
libk5crypto3:amd64	1.20.1-6ubuntu2.8
libkeybinder-3.0-0:amd64	0.3.2-1.1build2
libkeyutils1:amd64	1.6.3-3build1
libklibc:amd64	2.0.13-4ubuntu0.2
libkmod2:amd64	31+20240202-2ubuntu7.2
libkrb5-3:amd64	1.20.1-6ubuntu2.8
libkrb5support0:amd64	1.20.1-6ubuntu2.8
libksba8:amd64	1.6.6-1build1
liblcms2-2:amd64	2.14-2ubuntu0.1
libldap-common	2.6.10+dfsg-0ubuntu0.24.04.1
libldap2:amd64	2.6.10+dfsg-0ubuntu0.24.04.1
libldb2:amd64	2:2.8.0+samba4.19.5+dfsg-4ubuntu9.7
liblerc4:amd64	4.0.0+ds-4ubuntu2
liblightdm-gobject-1-0:amd64	1.30.0-0ubuntu14
libllvm18:amd64	1:18.1.3-1ubuntu1
libllvm20:amd64	1:20.1.2-0ubuntu1~24.04.3
liblmdb0:amd64	0.9.31-1build1
liblocale-gettext-perl	1.07-6ubuntu5
liblouis-data	3.29.0-1build1
liblouis20:amd64	3.29.0-1build1
liblouisutdml-bin	2.12.0-3.1build1
liblouisutdml-data	2.12.0-3.1build1
liblouisutdml9t64:amd64	2.12.0-3.1build1
liblqr-1-0:amd64	0.4.2-2.1build2
libltdl7:amd64	2.4.7-7build1
liblua5.2-0:amd64	5.2.4-3build2
liblvm2cmd2.03:amd64	2.03.16-3ubuntu3.2
liblz4-1:amd64	1.9.4-1build1.1
liblzma5:amd64	5.6.1+really5.4.5-1ubuntu0.3
liblzo2-2:amd64	2.10-2build4
libmagic-mgc	1:5.45-3build1
libmagic1t64:amd64	1:5.45-3build1
libmagickcore-6.q16-7-extra:amd64	8:6.9.12.98+dfsg1-5.2build2
libmagickcore-6.q16-7t64:amd64	8:6.9.12.98+dfsg1-5.2build2
libmagickwand-6.q16-7t64:amd64	8:6.9.12.98+dfsg1-5.2build2
libmanette-0.2-0:amd64	0.2.7-1build2
libmaxminddb0:amd64	1.9.1-1build1
libmbedcrypto7t64:amd64	2.28.8-1
libmbim-glib4:amd64	1.31.2-0ubuntu3.1
libmbim-proxy	1.31.2-0ubuntu3.1
libmbim-utils	1.31.2-0ubuntu3.1
libmd0:amd64	1.1.0-2build1.1
libmd4c0:amd64	0.4.8-1build1
libmessaging-menu0:amd64	23.10.0-1build3
libminizip1t64:amd64	1:1.3.dfsg-3.1ubuntu2.2
libmm-glib0:amd64	1.23.4-0ubuntu2
libmnl0:amd64	1.0.5-2build1
libmodule-find-perl	0.16-2
libmodule-scandeps-perl	1.35-1ubuntu0.24.04.1
libmount1:amd64	2.39.3-9ubuntu6.6
libmp3lame0:amd64	3.100-6build1
libmpc3:amd64	1.3.1-1build1.1
libmpfr6:amd64	4.2.1-1build1.1
libmpg123-0t64:amd64	1.32.5-1ubuntu1.1
libmsgraph-0-1:amd64	0.2.1-0ubuntu3
libmspack0t64:amd64	0.11-1.1build1
libmtdev1t64:amd64	1.1.6-1.1build1
libmtp-common	1.1.21-3.1ubuntu1
libmtp-runtime	1.1.21-3.1ubuntu1
libmtp9t64:amd64	1.1.21-3.1ubuntu1
libncurses6:amd64	6.4+20240113-1ubuntu2.2
libncursesw6:amd64	6.4+20240113-1ubuntu2.2
libndp0:amd64	1.8-1fakesync1ubuntu0.24.04.1
libnetfilter-conntrack3:amd64	1.0.9-6build1
libnetpbm11t64:amd64	2:11.05.02-1.1build1
libnetplan1:amd64	1.1.2-8ubuntu1~24.04.2
libnettle8t64:amd64	3.9.1-2.2build1.1
libnewt0.52:amd64	0.52.24-2ubuntu2
libnfnetlink0:amd64	1.0.2-2build1
libnfs14:amd64	5.0.2-1ubuntu0.24.04.1
libnftables1:amd64	1.0.9-1ubuntu0.1
libnftnl11:amd64	1.2.6-2build1
libnghttp2-14:amd64	1.59.0-1ubuntu0.4
libnghttp3-3:amd64	0.8.0-2
libnl-3-200:amd64	3.7.0-0.3build1.1
libnl-genl-3-200:amd64	3.7.0-0.3build1.1
libnl-route-3-200:amd64	3.7.0-0.3build1.1
libnm0:amd64	1.46.0-1ubuntu2.8
libnma-common	1.10.6-3build2
libnma0:amd64	1.10.6-3build2
libnorm1t64:amd64	1.5.9+dfsg-3.1build1
libnotify-bin	0.8.3-1build2
libnotify4:amd64	0.8.3-1build2
libnpth0t64:amd64	1.6-3.1build1
libnspr4:amd64	2:4.35-1.1build1
libnss-mdns:amd64	0.15.1-4build1
libnss-systemd:amd64	255.4-1ubuntu8.17
libnss3:amd64	2:3.98-1ubuntu0.2
libntfs-3g89t64:amd64	1:2022.10.3-1.2ubuntu3.2
libnuma1:amd64	2.0.18-1ubuntu0.24.04.1
libnvme1t64	1.8-3ubuntu1
libogg0:amd64	1.3.5-3build1
libonig5:amd64	6.9.9-1build1
libopencore-amrnb0:amd64	0.1.6-1build1
libopenexr-3-1-30:amd64	3.1.5-5.1build3
libopengl0:amd64	1.7.0-1build1
libopeniscsiusr	2.1.9-3ubuntu5.4
libopenjfx-java	11.0.11+1-3.1ubuntu5
libopenjfx-jni	11.0.11+1-3.1ubuntu5
libopenjp2-7:amd64	2.5.0-2ubuntu0.5
libopenmpt0t64:amd64	0.7.3-1.1build3
libopus0:amd64	1.4-1build1
liborc-0.4-0t64:amd64	1:0.4.38-1ubuntu0.1
libp11-kit0:amd64	0.25.3-4ubuntu2.2
libpackagekit-glib2-18:amd64	1.2.8-2ubuntu1.5
libpam-cap:amd64	1:2.66-5ubuntu2.4
libpam-gnome-keyring:amd64	46.1-2ubuntu0.2
libpam-modules:amd64	1.5.3-5ubuntu5.7
libpam-modules-bin	1.5.3-5ubuntu5.7
libpam-runtime	1.5.3-5ubuntu5.7
libpam-systemd:amd64	255.4-1ubuntu8.17
libpam0g:amd64	1.5.3-5ubuntu5.7
libpango-1.0-0:amd64	1.52.1+ds-1build1
libpangocairo-1.0-0:amd64	1.52.1+ds-1build1
libpangoft2-1.0-0:amd64	1.52.1+ds-1build1
libpangomm-1.4-1v5:amd64	2.46.4-1build3
libpangoxft-1.0-0:amd64	1.52.1+ds-1build1
libpaper-utils	1.1.29build1
libpaper1:amd64	1.1.29build1
libparted2t64:amd64	3.6-4build1
libpcap0.8t64:amd64	1.10.4-4.1ubuntu3
libpci3:amd64	1:3.10.0-2build1
libpciaccess0:amd64	0.17-3ubuntu0.24.04.2
libpcre2-16-0:amd64	10.42-4ubuntu2.1
libpcre2-8-0:amd64	10.42-4ubuntu2.1
libpcsclite1:amd64	2.0.3-1build1
libperl5.38t64:amd64	5.38.2-3.2ubuntu0.4
libpgm-5.3-0t64:amd64	5.3.128~dfsg-2.1build1
libphonenumber8:amd64	8.12.57+ds-4.2build3
libpipeline1:amd64	1.5.7-2
libpipewire-0.3-0t64:amd64	1.0.5-1ubuntu3.3
libpipewire-0.3-common	1.0.5-1ubuntu3.3
libpixman-1-0:amd64	0.42.2-1build1
libplist-2.0-4:amd64	2.3.0-1~exp2build2
libplymouth5:amd64	24.004.60-1ubuntu7.2
libpng16-16t64:amd64	1.6.43-5ubuntu0.6
libpolkit-agent-1-0:amd64	124-2ubuntu1.24.04.4
libpolkit-gobject-1-0:amd64	124-2ubuntu1.24.04.4
libpoppler-cpp0t64:amd64	24.02.0-1ubuntu9.9
libpoppler-glib8t64:amd64	24.02.0-1ubuntu9.9
libpoppler134:amd64	24.02.0-1ubuntu9.9
libpopt0:amd64	1.19+dfsg-1build1
libppd2:amd64	2:2.0.0-0ubuntu4.1
libppd2-common	2:2.0.0-0ubuntu4.1
libpq5:amd64	16.15-0ubuntu0.24.04.1
libproc-processtable-perl:amd64	0.636-1build3
libproc2-0:amd64	2:4.0.4-4ubuntu3.3
libprotobuf-c1:amd64	1.4.1-1ubuntu4
libprotobuf32t64:amd64	3.21.12-8.2ubuntu0.3
libproxy1v5:amd64	0.5.4-4build1
libpsl5t64:amd64	0.21.2-1.1build1
libpulse-mainloop-glib0:amd64	1:16.1+dfsg1-2ubuntu10.1
libpulse0:amd64	1:16.1+dfsg1-2ubuntu10.1
libpwquality-common	1.4.5-3build1
libpwquality1:amd64	1.4.5-3build1
libpython3-stdlib:amd64	3.12.3-0ubuntu2.1
libpython3.12-minimal:amd64	3.12.3-1ubuntu0.17
libpython3.12-stdlib:amd64	3.12.3-1ubuntu0.17
libpython3.12t64:amd64	3.12.3-1ubuntu0.17
libqmi-glib5:amd64	1.35.2-0ubuntu2
libqmi-proxy	1.35.2-0ubuntu2
libqmi-utils	1.35.2-0ubuntu2
libqpdf29t64:amd64	11.9.0-1.1ubuntu0.1
libqrtr-glib0:amd64	1.2.2-1ubuntu4
libqt6core5compat6:amd64	6.4.2-4build3
libqt6core6t64:amd64	6.4.2+dfsg-21.1build5
libqt6dbus6t64:amd64	6.4.2+dfsg-21.1build5
libqt6gui6t64:amd64	6.4.2+dfsg-21.1build5
libqt6multimedia6:amd64	6.4.2-11build3
libqt6network6t64:amd64	6.4.2+dfsg-21.1build5
libqt6opengl6t64:amd64	6.4.2+dfsg-21.1build5
libqt6printsupport6t64:amd64	6.4.2+dfsg-21.1build5
libqt6qml6:amd64	6.4.2+dfsg-4build3
libqt6qmlmodels6:amd64	6.4.2+dfsg-4build3
libqt6quick6:amd64	6.4.2+dfsg-4build3
libqt6svg6:amd64	6.4.2-4ubuntu3
libqt6waylandclient6:amd64	6.4.2-5build3
libqt6waylandcompositor6:amd64	6.4.2-5build3
libqt6waylandeglclienthwintegration6:amd64	6.4.2-5build3
libqt6waylandeglcompositorhwintegration6:amd64	6.4.2-5build3
libqt6widgets6t64:amd64	6.4.2+dfsg-21.1build5
libqt6wlshellintegration6:amd64	6.4.2-5build3
librabbitmq4:amd64	0.11.0-1ubuntu0.2
librav1e0:amd64	0.7.1-2
libraw1394-11:amd64	2.1.2-2build3
libraw23t64:amd64	0.21.2-2.1ubuntu0.24.04.2
libreadline8t64:amd64	8.2-4build1
libreiserfscore0t64	1:3.6.27-7.1build1
librist4:amd64	0.2.10+dfsg-2
librsvg2-2:amd64	2.58.0+dfsg-1build1
librsvg2-common:amd64	2.58.0+dfsg-1build1
librtmp1:amd64	2.4+20151223.gitfa8646d.1-2build7
libsamplerate0:amd64	0.2.2-4build1
libsane-common	1.2.1-7build4
libsane1:amd64	1.2.1-7build4
libsasl2-2:amd64	2.1.28+dfsg1-5ubuntu3.1
libsasl2-modules:amd64	2.1.28+dfsg1-5ubuntu3.1
libsasl2-modules-db:amd64	2.1.28+dfsg1-5ubuntu3.1
libsbc1:amd64	2.0-1build1
libseccomp2:amd64	2.5.5-1ubuntu3.1
libsecret-1-0:amd64	0.21.4-1build3
libsecret-common	0.21.4-1build3
libselinux1:amd64	3.5-2ubuntu2.1
libsemanage-common	3.5-1build5
libsemanage2:amd64	3.5-1build5
libsensors-config	1:3.6.0-9build1
libsensors5:amd64	1:3.6.0-9build1
libsepol2:amd64	3.5-2build1
libsgutils2-1.46-2:amd64	1.46-3ubuntu4
libsharpyuv0:amd64	1.3.2-0.4build3
libshine3:amd64	3.1.1-2build1
libshout3:amd64	2.4.6-1build2
libsigc++-2.0-0v5:amd64	2.12.1-2
libsigsegv2:amd64	2.14-1ubuntu2
libslang2:amd64	2.3.3-3build2
libsm6:amd64	2:1.2.3-1build3
libsmartcols1:amd64	2.39.3-9ubuntu6.6
libsmbclient0:amd64	2:4.19.5+dfsg-4ubuntu9.7
libsmi2t64:amd64	0.4.8+dfsg2-16.1build1
libsnapd-glib-2-1:amd64	1.64-0ubuntu5
libsnappy1v5:amd64	1.1.10-1build1
libsndfile1:amd64	1.2.2-1ubuntu5.24.04.1
libsnmp-base	5.9.4+dfsg-1.1ubuntu3.2
libsnmp40t64:amd64	5.9.4+dfsg-1.1ubuntu3.2
libsodium23:amd64	1.0.18-1ubuntu0.24.04.1
libsort-naturally-perl	1.03-4
libsoup-2.4-1:amd64	2.74.3-6ubuntu1.7
libsoup-3.0-0:amd64	3.4.4-5ubuntu0.7
libsoup-3.0-common	3.4.4-5ubuntu0.7
libsoup2.4-common	2.74.3-6ubuntu1.7
libsoxr0:amd64	0.1.3-4build3
libspa-0.2-modules:amd64	1.0.5-1ubuntu3.3
libspandsp2t64:amd64	0.0.6+dfsg-2.1build1
libspeex1:amd64	1.2.1-2ubuntu2.24.04.1
libspeexdsp1:amd64	1.2.1-1ubuntu3
libsqlite3-0:amd64	3.45.1-1ubuntu2.7
libsrt1.5-gnutls:amd64	1.5.3-1build2
libss2:amd64	1.47.0-2.4~exp1ubuntu4.1
libssh-4:amd64	0.10.6-2ubuntu0.5
libssh-gcrypt-4:amd64	0.10.6-2ubuntu0.5
libssl3t64:amd64	3.0.13-0ubuntu3.15
libstartup-notification0:amd64	0.12-6build3
libstdc++6:amd64	14.2.0-4ubuntu2~24.04.1
libstemmer0d:amd64	2.2.0-4build1
libsvtav1enc1d1:amd64	1.7.0+dfsg-2build1
libswresample4:amd64	7:6.1.1-3ubuntu5
libswscale7:amd64	7:6.1.1-3ubuntu5
libsystemd-shared:amd64	255.4-1ubuntu8.17
libsystemd0:amd64	255.4-1ubuntu8.17
libtag1v5:amd64	1.13.1-1build1
libtag1v5-vanilla:amd64	1.13.1-1build1
libtalloc2:amd64	2.4.2-1build2
libtasn1-6:amd64	4.19.0-3ubuntu0.24.04.2
libtcl8.6:amd64	8.6.14+dfsg-1build1
libtdb1:amd64	1.4.10-1build1
libteamdctl0:amd64	1.31-1build3
libterm-readkey-perl	2.38-2build4
libtevent0t64:amd64	0.16.1-2build1
libtext-charwidth-perl:amd64	0.04-11build3
libtext-iconv-perl:amd64	1.7-8build3
libtext-wrapi18n-perl	0.06-10
libthai-data	0.1.29-2build1
libthai0:amd64	0.1.29-2build1
libtheora0:amd64	1.1.1+dfsg.1-16.1build3
libthunarx-3-0:amd64	4.18.8-1build3
libtiff6:amd64	4.5.1+git230720-4ubuntu2.5
libtimezonemap-data	0.4.6-6ubuntu1
libtimezonemap1:amd64	0.4.6-6ubuntu1
libtinfo6:amd64	6.4+20240113-1ubuntu2.2
libtirpc-common	1.3.4+ds-1.1build1
libtirpc3t64:amd64	1.3.4+ds-1.1build1
libtraceevent1:amd64	1:1.8.2-1ubuntu2.1
libtraceevent1-plugin:amd64	1:1.8.2-1ubuntu2.1
libtracefs1:amd64	1.8.0-1ubuntu1
libts0t64:amd64	1.22-1.1build1
libtss2-esys-3.0.2-0t64:amd64	4.0.1-7.1ubuntu5.1
libtss2-mu-4.0.1-0t64:amd64	4.0.1-7.1ubuntu5.1
libtss2-rc0t64:amd64	4.0.1-7.1ubuntu5.1
libtss2-sys1t64:amd64	4.0.1-7.1ubuntu5.1
libtss2-tcti-cmd0t64:amd64	4.0.1-7.1ubuntu5.1
libtss2-tcti-device0t64:amd64	4.0.1-7.1ubuntu5.1
libtss2-tcti-mssim0t64:amd64	4.0.1-7.1ubuntu5.1
libtss2-tcti-swtpm0t64:amd64	4.0.1-7.1ubuntu5.1
libtumbler-1-0t64:amd64	4.18.1-1.1build4
libtwolame0:amd64	0.4.0-2build3
libuchardet0:amd64	0.0.8-1build1
libudev1:amd64	255.4-1ubuntu8.17
libudfread0:amd64	1.1.2-1build1
libudisks2-0:amd64	2.10.1-6ubuntu1.5
libunistring5:amd64	1.1-2build1.1
libunity-control-center1	15.04.0+23.04.20230220-0ubuntu8
libunity-gtk2-parser0:amd64	0.0.0+18.04.20171202-0ubuntu7
libunity-gtk3-parser0:amd64	0.0.0+18.04.20171202-0ubuntu7
libunity-settings-daemon1:amd64	15.04.1+21.10.20220802-0ubuntu5
libunwind8:amd64	1.6.2-3build1.1
libupower-glib3:amd64	1.90.3-1
liburcu8t64:amd64	0.14.0-3.1build1
liburi-perl	5.27-1
libusb-1.0-0:amd64	2:1.0.27-1
libusbmuxd6:amd64	2.0.2-4build3
libutempter0:amd64	1.2.1-3build1
libuuid1:amd64	2.39.3-9ubuntu6.6
libuv1t64:amd64	1.48.0-1.1build1
libv4l-0t64:amd64	1.26.1-4build3
libv4lconvert0t64:amd64	1.26.1-4build3
libva-drm2:amd64	2.20.0-2ubuntu0.2
libva-x11-2:amd64	2.20.0-2ubuntu0.2
libva2:amd64	2.20.0-2ubuntu0.2
libvdpau1:amd64	1.5-2build1
libvhdi1:amd64	20210425-1build5
libvisual-0.4-0:amd64	0.4.2-2build1
libvmdk1:amd64	20200926-2build5
libvolume-key1:amd64	0.3.12-7build2
libvorbis0a:amd64	1.3.7-1build3
libvorbisenc2:amd64	1.3.7-1build3
libvorbisfile3:amd64	1.3.7-1build3
libvpl2	2023.3.0-1build1
libvpx9:amd64	1.14.0-1ubuntu2.3
libvte-2.91-0:amd64	0.76.0-1ubuntu0.1
libvte-2.91-common	0.76.0-1ubuntu0.1
libvulkan1:amd64	1.3.275.0-1build1
libwacom-common	2.10.0-2
libwacom9:amd64	2.10.0-2
libwavpack1:amd64	5.6.0-1build1
libwayland-client0:amd64	1.22.0-2.1build1
libwayland-cursor0:amd64	1.22.0-2.1build1
libwayland-egl1:amd64	1.22.0-2.1build1
libwayland-server0:amd64	1.22.0-2.1build1
libwbclient0:amd64	2:4.19.5+dfsg-4ubuntu9.7
libwebkit2gtk-4.1-0:amd64	2.52.6-0ubuntu0.24.04.1
libwebp7:amd64	1.3.2-0.4build3
libwebpdemux2:amd64	1.3.2-0.4build3
libwebpmux3:amd64	1.3.2-0.4build3
libwebrtc-audio-processing1:amd64	0.3.1-0ubuntu6
libwhoopsie-preferences0	23build3
libwhoopsie0:amd64	0.2.77ubuntu0.1
libwireshark-data	4.2.2-1.1build3
libwireshark17t64:amd64	4.2.2-1.1build3
libwiretap14t64:amd64	4.2.2-1.1build3
libwmflite-0.2-7:amd64	0.2.13-1.1build3
libwnck-3-0:amd64	43.0-3build4
libwnck-3-common	43.0-3build4
libwrap0:amd64	7.6.q-33
libwsutil15t64:amd64	4.2.2-1.1build3
libx11-6:amd64	2:1.8.7-1build1
libx11-data	2:1.8.7-1build1
libx11-xcb1:amd64	2:1.8.7-1build1
libx264-164:amd64	2:0.164.3108+git31e19f9-1
libx265-199:amd64	3.5-2build1
libxapian30:amd64	1.4.22-1build1
libxatracker2:amd64	25.1.7-1ubuntu2~24.04.2
libxau6:amd64	1:1.0.9-1build6
libxaw7:amd64	2:1.0.14-1build2
libxcb-damage0:amd64	1.15-1ubuntu2
libxcb-dri2-0:amd64	1.15-1ubuntu2
libxcb-dri3-0:amd64	1.15-1ubuntu2
libxcb-glx0:amd64	1.15-1ubuntu2
libxcb-icccm4:amd64	0.4.1-1.1build3
libxcb-image0:amd64	0.4.0-2build1
libxcb-keysyms1:amd64	0.4.0-1build4
libxcb-present0:amd64	1.15-1ubuntu2
libxcb-randr0:amd64	1.15-1ubuntu2
libxcb-render-util0:amd64	0.3.9-1build4
libxcb-render0:amd64	1.15-1ubuntu2
libxcb-shape0:amd64	1.15-1ubuntu2
libxcb-shm0:amd64	1.15-1ubuntu2
libxcb-sync1:amd64	1.15-1ubuntu2
libxcb-util1:amd64	0.4.0-1build3
libxcb-xfixes0:amd64	1.15-1ubuntu2
libxcb-xkb1:amd64	1.15-1ubuntu2
libxcb1:amd64	1.15-1ubuntu2
libxcomposite1:amd64	1:0.4.5-1build3
libxcursor1:amd64	1:1.2.1-1build1
libxcvt0:amd64	0.1.2-1build1
libxdamage1:amd64	1:1.1.6-1build1
libxdmcp6:amd64	1:1.1.3-0ubuntu6
libxdo3:amd64	1:3.20160805.1-5build1
libxext6:amd64	2:1.3.4-1build2
libxfce4panel-2.0-4	4.18.4-1ubuntu0.1
libxfce4ui-2-0:amd64	4.18.4-1build4
libxfce4ui-common	4.18.4-1build4
libxfce4ui-utils	4.18.4-1build4
libxfce4util-bin	4.18.1-2build3
libxfce4util-common	4.18.1-2build3
libxfce4util7:amd64	4.18.1-2build3
libxfconf-0-3:amd64	4.18.1-1build3
libxfixes3:amd64	1:6.0.0-2build1
libxfont2:amd64	1:2.0.6-1+deb13u1build0.24.04.2
libxft2:amd64	2.3.6-1build1
libxi6:amd64	2:1.8.1-1build1
libxinerama1:amd64	2:1.1.4-3build1
libxkbcommon-x11-0:amd64	1.6.0-1build1
libxkbcommon0:amd64	1.6.0-1build1
libxkbfile1:amd64	1:1.1.0-1build4
libxkbregistry0:amd64	1.6.0-1build1
libxklavier16:amd64	5.4-5build2
libxml2:amd64	2.9.14+dfsg-1.3ubuntu3.8
libxmlb2:amd64	0.3.24-1~ubuntu0.24.04.1
libxmlsec1t64:amd64	1.2.39-5build2
libxmlsec1t64-openssl:amd64	1.2.39-5build2
libxmu6:amd64	2:1.1.3-3build2
libxmuu1:amd64	2:1.1.3-3build2
libxpm4:amd64	1:3.5.17-1ubuntu0.24.04.1
libxpresent1:amd64	1.0.0-2build2
libxrandr2:amd64	2:1.5.2-2build1
libxrender1:amd64	1:0.9.10-1.1build1
libxres1:amd64	2:1.2.1-1build1
libxshmfence1:amd64	1.3-1build5
libxslt1.1:amd64	1.1.39-0exp1ubuntu0.24.04.3
libxss1:amd64	1:1.2.3-1build3
libxt6t64:amd64	1:1.2.1-1.2build1
libxtables12:amd64	1.8.10-3ubuntu2
libxtst6:amd64	2:1.2.3-1.1build1
libxv1:amd64	2:1.0.11-1.1build1
libxvidcore4:amd64	2:1.3.7-1build1
libxvmc1:amd64	2:1.0.12-2build3
libxxf86dga1:amd64	2:1.1.5-1build1
libxxf86vm1:amd64	1:1.1.4-1build4
libxxhash0:amd64	0.8.2-2build1
libyaml-0-2:amd64	0.2.5-1build1
libyelp0:amd64	42.2-1ubuntu0.24.04.2
libzeitgeist-2.0-0:amd64	1.0.4-5ubuntu5
libzmq5:amd64	4.3.5-1build2
libzstd1:amd64	1.5.5+dfsg2-2build1.1
libzvbi-common	0.2.42-2
libzvbi0t64:amd64	0.2.42-2
light-locker	1.8.0-3ubuntu3
light-locker-settings	1.5.0-0ubuntu4
lightdm	1.30.0-0ubuntu14
linux-azure	6.17.0-1022.22
linux-azure-6.17-cloud-tools-6.17.0-1022	6.17.0-1022.22
linux-azure-6.17-headers-6.17.0-1022	6.17.0-1022.22
linux-azure-6.17-tools-6.17.0-1022	6.17.0-1022.22
linux-base	4.5ubuntu9+24.04.2
linux-base-sgx	4.5ubuntu9+24.04.2
linux-cloud-tools-6.17.0-1022-azure	6.17.0-1022.22
linux-cloud-tools-azure	6.17.0-1022.22
linux-cloud-tools-common	6.8.0-139.139
linux-firmware	20240318.git3b128b60.0ubuntu3.1
linux-firmware-amd-graphics	20240318.git3b128b60-0ubuntu3.2
linux-firmware-amd-misc	20240318.git3b128b60-0ubuntu3.1
linux-firmware-broadcom-wireless	20240318.git3b128b60-0ubuntu3.1
linux-firmware-intel-graphics	20240318.git3b128b60-0ubuntu3.1
linux-firmware-intel-misc	20240318.git3b128b60-0ubuntu3.1
linux-firmware-intel-wireless	20240318.git3b128b60-0ubuntu3.1
linux-firmware-marvell-prestera	20240318.git3b128b60-0ubuntu3.1
linux-firmware-marvell-wireless	20240318.git3b128b60-0ubuntu3.1
linux-firmware-mediatek	20240318.git3b128b60-0ubuntu3.1
linux-firmware-mellanox-spectrum	20240318.git3b128b60-0ubuntu3.1
linux-firmware-misc	20240318.git3b128b60-0ubuntu3.1
linux-firmware-netronome	20240318.git3b128b60-0ubuntu3.1
linux-firmware-nvidia-graphics	20240318.git3b128b60-0ubuntu3.1
linux-firmware-qlogic	20240318.git3b128b60-0ubuntu3.1
linux-firmware-qualcomm-graphics	20240318.git3b128b60-0ubuntu3.1
linux-firmware-qualcomm-misc	20240318.git3b128b60-0ubuntu3.1
linux-firmware-qualcomm-wireless	20240318.git3b128b60-0ubuntu3.1
linux-firmware-realtek	20240318.git3b128b60-0ubuntu3.1
linux-generic	6.8.0-139.139
linux-headers-6.17.0-1022-azure	6.17.0-1022.22
linux-headers-6.8.0-139	6.8.0-139.139
linux-headers-6.8.0-139-generic	6.8.0-139.139
linux-headers-azure	6.17.0-1022.22
linux-headers-generic	6.8.0-139.139
linux-image-6.17.0-1022-azure	6.17.0-1022.22
linux-image-6.8.0-139-generic	6.8.0-139.139
linux-image-azure	6.17.0-1022.22
linux-image-generic	6.8.0-139.139
linux-modules-6.17.0-1022-azure	6.17.0-1022.22
linux-modules-6.8.0-139-generic	6.8.0-139.139
linux-modules-extra-6.8.0-139-generic	6.8.0-139.139
linux-tools-6.17.0-1022-azure	6.17.0-1022.22
linux-tools-6.8.0-139	6.8.0-139.139
linux-tools-6.8.0-139-generic	6.8.0-139.139
linux-tools-azure	6.17.0-1022.22
linux-tools-common	6.8.0-139.139
locales	2.39-0ubuntu8.9
login	1:4.13+dfsg1-4ubuntu3.2
logrotate	3.21.0-2build1
logsave	1.47.0-2.4~exp1ubuntu4.1
lsb-release	12.0-2
lshw	02.19.git.2021.06.19.996aaad9c7-2ubuntu0.24.04.1
lsof	4.95.0-1build3
lsscsi	0.32-1build1
lvm2	2.03.16-3ubuntu3.2
lxd-agent-loader	0.7ubuntu0.1
lxd-installer	4ubuntu0.1
man-db	2.12.0-4build2
manpages	6.7-2
mawk	1.3.4.20240123-1build1
mdadm	4.3-1ubuntu2.1
media-types	10.1.0
mesa-libgallium:amd64	25.2.8-0ubuntu0.24.04.2
mesa-va-drivers:amd64	25.2.8-0ubuntu0.24.04.2
mesa-vdpau-drivers:amd64	25.2.8-0ubuntu0.24.04.2
mesa-vulkan-drivers:amd64	25.2.8-0ubuntu0.24.04.2
mobile-broadband-provider-info	20230416-1
modemmanager	1.23.4-0ubuntu2
mokutil	0.6.0-2build3
motd-news-config	13ubuntu10.5
mount	2.39.3-9ubuntu6.6
mousetweaks	3.32.0-4build2
mtr-tiny	0.95-1.1ubuntu0.1
multipath-tools	0.9.4-5ubuntu8.2
nano	7.2-2ubuntu0.2
nautilus-data	1:46.4-0ubuntu0.2
ncurses-base	6.4+20240113-1ubuntu2.2
ncurses-bin	6.4+20240113-1ubuntu2.2
ncurses-term	6.4+20240113-1ubuntu2.2
needrestart	3.6-7ubuntu4.5
netbase	6.4
netcat-openbsd	1.226-1ubuntu2
netpbm	2:11.05.02-1.1build1
netplan-generator	1.1.2-8ubuntu1~24.04.2
netplan.io	1.1.2-8ubuntu1~24.04.2
network-manager	1.46.0-1ubuntu2.8
network-manager-gnome	1.34.0-1ubuntu3
network-manager-pptp	1.2.12-3build2
networkd-dispatcher	2.2.4-1
nftables	1.0.9-1ubuntu0.1
notification-daemon	3.20.0-4build3
ntfs-3g	1:2022.10.3-1.2ubuntu3.2
numactl	2.0.18-1ubuntu0.24.04.1
nvme-cli	2.8-1ubuntu0.1
ocl-icd-libopencl1:amd64	2.3.2-1build1
open-iscsi	2.1.9-3ubuntu5.4
open-vm-tools	2:13.0.10-0ubuntu0.24.04.1
openjdk-17-jre:amd64	17.0.20+8-1~24.04
openjdk-17-jre-headless:amd64	17.0.20+8-1~24.04
openjfx	11.0.11+1-3.1ubuntu5
openjfx-source	11.0.11+1-3.1ubuntu5
openssh-client	1:9.6p1-3ubuntu13.19
openssh-server	1:9.6p1-3ubuntu13.19
openssh-sftp-server	1:9.6p1-3ubuntu13.19
openssl	3.0.13-0ubuntu3.15
os-prober	1.81ubuntu4
overlayroot	0.49~24.04.1
p11-kit	0.25.3-4ubuntu2.2
p11-kit-modules:amd64	0.25.3-4ubuntu2.2
packagekit	1.2.8-2ubuntu1.5
packagekit-tools	1.2.8-2ubuntu1.5
parted	3.6-4build1
passwd	1:4.13+dfsg1-4ubuntu3.2
pastebinit	1.6.2-1
patch	2.7.6-7build3
pavucontrol	5.0-2build3
pci.ids	0.0~2024.03.31-1ubuntu0.1
pciutils	1:3.10.0-2build1
perl	5.38.2-3.2ubuntu0.4
perl-base	5.38.2-3.2ubuntu0.4
perl-modules-5.38	5.38.2-3.2ubuntu0.4
pinentry-curses	1.2.1-3ubuntu5
pinentry-gnome3	1.2.1-3ubuntu5
pkexec	124-2ubuntu1.24.04.4
plymouth	24.004.60-1ubuntu7.2
plymouth-label	24.004.60-1ubuntu7.2
plymouth-theme-ubuntu-text	24.004.60-1ubuntu7.2
policykit-1	124-2ubuntu1.24.04.4
policykit-1-gnome	0.105-7ubuntu5
polkitd	124-2ubuntu1.24.04.4
pollinate	4.33-3.1ubuntu1.3
poppler-data	0.4.12-1
poppler-utils	24.02.0-1ubuntu9.9
powermgmt-base	1.37ubuntu0.1
ppp	2.4.9-1+1.1ubuntu4
pptp-linux	1.10.0-1build4
procps	2:4.0.4-4ubuntu3.3
psmisc	23.7-1build1
publicsuffix	20231001.0357-0.1
pulseaudio	1:16.1+dfsg1-2ubuntu10.1
pulseaudio-utils	1:16.1+dfsg1-2ubuntu10.1
python-apt-common	2.7.7ubuntu5.3
python-babel-localedata	2.10.3-3build1
python3	3.12.3-0ubuntu2.1
python3-apport	2.28.3-0ubuntu0.1
python3-apt	2.7.7ubuntu5.3
python3-attr	23.2.0-2
python3-automat	22.10.0-2
python3-babel	2.10.3-3build1
python3-bcrypt	3.2.2-1build1
python3-blinker	1.7.0-1
python3-boto3	1.34.46+dfsg-1ubuntu1
python3-botocore	1.34.46+repack-1ubuntu1
python3-bpfcc	0.29.1+ds-1ubuntu7
python3-cairo	1.25.1-2build2
python3-certifi	2023.11.17-1
python3-cffi-backend:amd64	1.16.0-2build1
python3-chardet	5.2.0+dfsg-1
python3-click	8.1.6-2
python3-colorama	0.4.6-4
python3-commandnotfound	23.04.0
python3-configobj	5.0.8-3
python3-constantly	23.10.4-1
python3-cryptography	41.0.7-4ubuntu0.4
python3-cups:amd64	2.0.1-5build6
python3-cupshelpers	1.5.18-1ubuntu9
python3-dateutil	2.8.2-3ubuntu1
python3-dbus	1.3.2-5build3
python3-debconf	1.5.86ubuntu1
python3-debian	0.1.49ubuntu2
python3-distro	1.9.0-1
python3-distro-info	1.7build1
python3-distupgrade	1:24.04.29
python3-gdbm:amd64	3.12.3-0ubuntu1
python3-gi	3.48.2-1
python3-hamcrest	2.1.0-1
python3-httplib2	0.20.4-3ubuntu0.1
python3-hyperlink	21.0.0-5
python3-ibus-1.0	1.5.29-2
python3-idna	3.6-2ubuntu0.2
python3-incremental	22.10.0-1
python3-jinja2	3.1.2-1ubuntu1.3
python3-jmespath	1.0.1-1
python3-json-pointer	2.0-0ubuntu1
python3-jsonpatch	1.32-3
python3-jsonschema	4.10.3-2ubuntu1
python3-jwt	2.7.0-1ubuntu0.1
python3-launchpadlib	1.11.0-6
python3-lazr.restfulclient	0.14.6-1
python3-lazr.uri	1.0.6-3
python3-magic	2:0.4.27-3
python3-markdown-it	3.0.0-2
python3-markupsafe	2.1.5-1build2
python3-mdurl	0.1.2-1
python3-minimal	3.12.3-0ubuntu2.1
python3-netaddr	0.8.0-2ubuntu1
python3-netifaces:amd64	0.11.0-2build3
python3-netplan	1.1.2-8ubuntu1~24.04.2
python3-newt:amd64	0.52.24-2ubuntu2
python3-oauthlib	3.2.2-1
python3-openssl	23.2.0-1ubuntu0.1
python3-packaging	24.0-1
python3-parted	3.12.0-6build3
python3-passlib	1.7.4-4
python3-pexpect	4.9-2
python3-pkg-resources	68.1.2-2ubuntu1.2
python3-problem-report	2.28.3-0ubuntu0.1
python3-psutil	5.9.8-2build2
python3-ptyprocess	0.7.0-5
python3-pyasn1	0.4.8-4ubuntu0.3
python3-pyasn1-modules	0.2.8-1
python3-pygments	2.17.2+dfsg-1
python3-pyparsing	3.1.1-1
python3-pyrsistent:amd64	0.20.0-1build2
python3-requests	2.31.0+dfsg-1ubuntu1.1
python3-rich	13.7.1-1
python3-s3transfer	0.10.1-1ubuntu2
python3-serial	3.5-2
python3-service-identity	24.1.0-1
python3-setuptools	68.1.2-2ubuntu1.2
python3-six	1.16.0-4
python3-software-properties	0.99.49.4
python3-systemd	235-1build4
python3-twisted	24.3.0-1ubuntu0.2
python3-typing-extensions	4.10.0-1
python3-tz	2024.1-2
python3-update-manager	1:24.04.12
python3-urllib3	2.0.7-1ubuntu0.7
python3-wadllib	1.3.6-5
python3-xdg	0.28-2
python3-yaml	6.0.1-2build2
python3-zope.interface	6.1-1build1
python3.12	3.12.3-1ubuntu0.17
python3.12-minimal	3.12.3-1ubuntu0.17
qt6-gtk-platformtheme:amd64	6.4.2+dfsg-21.1build5
qt6-qpa-plugins:amd64	6.4.2+dfsg-21.1build5
qt6-translations-l10n	6.4.2-1
qt6-wayland:amd64	6.4.2-5build3
readline-common	8.2-4build1
rsync	3.2.7-1ubuntu1.5
rsyslog	8.2312.0-3ubuntu9.3
rtkit	0.13-5build1
run-one	1.17-0ubuntu2
samba-libs:amd64	2:4.19.5+dfsg-4ubuntu9.7
sane-airscan	0.99.29-0ubuntu4
sane-utils	1.2.1-7build4
sbsigntool	0.9.4-3.1ubuntu7
screen	4.9.1-1ubuntu1
secureboot-db	1.9build1
sed	4.9-2ubuntu0.24.04.1
sensible-utils	0.0.22
session-migration	0.3.9build1
sg3-utils	1.46-3ubuntu4
sg3-utils-udev	1.46-3ubuntu4
sgml-base	1.31
sgml-data	2.0.11+nmu1
shared-mime-info	2.4-4
shim-signed	1.58+15.8-0ubuntu1
snapd	2.76.3+ubuntu24.04
software-properties-common	0.99.49.4
sosreport	4.10.2-0ubuntu0~24.04.1
sound-theme-freedesktop	0.8-2ubuntu1
squashfs-tools	1:4.6.1-1build1
ssh-import-id	5.11-0ubuntu2.24.04.1
ssl-cert	1.1.2ubuntu1
strace	6.8-0ubuntu2
sudo	1.9.15p5-3ubuntu5.24.04.2
sysstat	12.6.1-2
system-config-printer	1.5.18-1ubuntu9
system-config-printer-common	1.5.18-1ubuntu9
system-config-printer-udev	1.5.18-1ubuntu9
systemd	255.4-1ubuntu8.17
systemd-dev	255.4-1ubuntu8.17
systemd-hwe-hwdb	255.1.7
systemd-resolved	255.4-1ubuntu8.17
systemd-sysv	255.4-1ubuntu8.17
sysvinit-utils	3.08-6ubuntu3
tango-icon-theme	0.8.90-11
tar	1.35+dfsg-3ubuntu0.4
tcl	8.6.14build1
tcl8.6	8.6.14+dfsg-1build1
tcpdump	4.99.4-3ubuntu4.24.04.1
telnet	0.17+2.5-3ubuntu4.2
thermald	2.5.6-2ubuntu0.24.04.5
thin-provisioning-tools	0.9.0-2ubuntu5.1
thunar	4.18.8-1build3
thunar-data	4.18.8-1build3
thunar-volman	4.18.0-1build2
tigervnc-common	1.13.1+dfsg-2build2
tigervnc-standalone-server	1.13.1+dfsg-2build2
tigervnc-tools	1.13.1+dfsg-2build2
time	1.9-0.2build1
tmux	3.4-1ubuntu0.1
tnftp	20230507-2build3
tpm-udev	0.6ubuntu1
trace-cmd	3.2-1ubuntu2
tumbler:amd64	4.18.1-1.1build4
tumbler-common	4.18.1-1.1build4
tzdata	2026c-0ubuntu0.24.04.1
tzdata-legacy	2026c-0ubuntu0.24.04.1
ubuntu-kernel-accessories	1.539.2
ubuntu-keyring	2023.11.28.1
ubuntu-minimal	1.539.2
ubuntu-mono	24.04-0ubuntu1
ubuntu-pro-client	37.2ubuntu~24.04.1
ubuntu-pro-client-l10n	37.2ubuntu~24.04.1
ubuntu-release-upgrader-core	1:24.04.29
ubuntu-server	1.539.2
ubuntu-standard	1.539.2
ubuntu-touch-sounds	15.08build1
ucf	3.0043+nmu1
udev	255.4-1ubuntu8.17
udisks2	2.10.1-6ubuntu1.5
ufw	0.36.2-6
unattended-upgrades	2.9.1+nmu4ubuntu1
unity-control-center	15.04.0+23.04.20230220-0ubuntu8
unity-greeter	24.04.1-0ubuntu1
unity-gtk-module-common	0.0.0+18.04.20171202-0ubuntu7
unity-gtk2-module:amd64	0.0.0+18.04.20171202-0ubuntu7
unity-gtk3-module:amd64	0.0.0+18.04.20171202-0ubuntu7
unity-settings-daemon	15.04.1+21.10.20220802-0ubuntu5
unity-settings-daemon-schemas	15.04.1+21.10.20220802-0ubuntu5
unzip	6.0-28ubuntu4.1
update-inetd	4.53
update-manager-core	1:24.04.12
update-notifier-common	3.192.68.2
upower	1.90.3-1
usb-modeswitch	2.6.1-3ubuntu3
usb-modeswitch-data	20191128-6
usb.ids	2024.03.18-1
usbmuxd	1.1.1-5~exp3ubuntu2.1
usbutils	1:017-3build1
util-linux	2.39.3-9ubuntu6.6
uuid-runtime	2.39.3-9ubuntu6.6
va-driver-all:amd64	2.20.0-2ubuntu0.2
vdpau-driver-all:amd64	1.5-2build1
vim	2:9.1.0016-1ubuntu7.20
vim-common	2:9.1.0016-1ubuntu7.20
vim-runtime	2:9.1.0016-1ubuntu7.20
vim-tiny	2:9.1.0016-1ubuntu7.20
walinuxagent	2.15.0.1-0ubuntu1~24.04.1
wamerican	2020.12.07-2
wget	1.21.4-1ubuntu4.5
whiptail	0.52.24-2ubuntu2
whoopsie	0.2.77ubuntu0.1
whoopsie-preferences	23build3
wireless-regdb	2026.05.30-0ubuntu1~24.04.1
wireshark	4.2.2-1.1build3
wireshark-common	4.2.2-1.1build3
wpasupplicant	2:2.10-21ubuntu0.4
x11-apps	7.7+11build3
x11-common	1:7.7+23ubuntu3
x11-session-utils	7.7+6build2
x11-utils	7.7+6build2
x11-xkb-utils	7.7+8build2
x11-xserver-utils	7.7+10build2
xauth	1:1.1.2-1build1
xbitmaps	1.1.1-2.2
xcvt	0.1.2-1build1
xdg-dbus-proxy	0.1.5-1ubuntu0.2
xdg-desktop-portal	1.18.4-1ubuntu2.24.04.2
xdg-desktop-portal-gtk	1.15.1-1build2
xdg-user-dirs	0.18-1build1
xdotool	1:3.20160805.1-5build1
xfce4	4.18
xfce4-appfinder	4.18.0-1build2
xfce4-helpers	4.18.4-0ubuntu3
xfce4-notifyd	0.9.4-1
xfce4-panel	4.18.4-1ubuntu0.1
xfce4-pulseaudio-plugin:amd64	0.4.8-1build2
xfce4-session	4.18.3-1build2
xfce4-settings	4.18.4-0ubuntu3
xfce4-terminal	1.1.3-1build1
xfconf	4.18.1-1build3
xfdesktop4	4.18.1-1build3
xfdesktop4-data	4.18.1-1build3
xfonts-base	1:1.0.5+nmu1
xfonts-encodings	1:1.0.5-0ubuntu2
xfonts-scalable	1:1.0.3-1.3
xfonts-utils	1:7.7+6build3
xfsprogs	6.6.0-1ubuntu2.1
xfwm4	4.18.0-1build3
xiccd	0.3.0-2build2
xinit	1.4.1-0ubuntu5
xinput	1.6.4-1build1
xkb-data	2.41-2ubuntu1.1
xml-core	0.19
xorg	1:7.7+23ubuntu3
xorg-docs-core	1:1.7.1-1.2
xserver-common	2:21.1.12-1ubuntu1.6
xserver-xorg	1:7.7+23ubuntu3
xserver-xorg-core	2:21.1.12-1ubuntu1.6
xserver-xorg-input-all	1:7.7+23ubuntu3
xserver-xorg-input-libinput	1.4.0-1ubuntu24.04.1
xserver-xorg-input-wacom	1:1.2.0-1ubuntu2
xserver-xorg-legacy	2:21.1.12-1ubuntu1.6
xserver-xorg-video-all	1:7.7+23ubuntu3
xserver-xorg-video-amdgpu	23.0.0-1ubuntu0.24.04.1
xserver-xorg-video-ati	1:22.0.0-1build1
xserver-xorg-video-fbdev	1:0.5.0-2build2
xserver-xorg-video-intel	2:2.99.917+git20210115-1build1
xserver-xorg-video-nouveau	1:1.0.17-2ubuntu0.1
xserver-xorg-video-qxl	0.1.6-1build1
xserver-xorg-video-radeon	1:22.0.0-1build1
xserver-xorg-video-vesa	1:2.6.0-1ubuntu0.1
xserver-xorg-video-vmware	1:13.4.0-1build1
xxd	2:9.1.0016-1ubuntu7.20
xz-utils	5.6.1+really5.4.5-1ubuntu0.3
yelp	42.2-1ubuntu0.24.04.2
yelp-xsl	42.1-2ubuntu0.24.04.1
zeitgeist-core	1.0.4-5ubuntu5
zenity	4.0.1-1build3
zenity-common	4.0.1-1build3
zerofree	1.1.1-1build5
zlib1g:amd64	1:1.3.dfsg-3.1ubuntu2.2
zstd	1.5.5+dfsg2-2build1.1
